 ,Mkt-RF,SMB,HML,RF,Mom,ST_Rev,LT_Rev
196001,-6.98,2.09,2.78,0.33,-3.54,3.71,0.92
196002,1.17,0.51,-1.93,0.29,3.92,-0.52,-0.8
196003,-1.63,-0.49,-2.94,0.35,1.38,-0.77,-1.42
196004,-1.71,0.32,-2.28,0.19,2.84,-2.29,-1.19
196005,3.12,1.21,-3.7,0.27,4.79,-3.54,-3.5
196006,2.08,-0.21,-0.34,0.24,0.86,1.12,-0.12
196007,-2.37,-0.51,1.98,0.13,-0.81,1.07,0.27
196008,3.01,0.87,-0.18,0.17,1.91,-1.37,1.09
196009,-5.99,-1.11,1.62,0.16,0.32,-0.04,1.31
196010,-0.71,-4.08,2.83,0.22,1.25,-2.13,1.25
196011,4.69,0.4,-2.43,0.13,3.78,1.05,-2.58
196012,4.71,-1.55,-0.81,0.16,1.41,0.78,-0.57
196101,6.2,0.64,3.72,0.19,-4.0,1.17,3.73
196102,3.57,3.93,-0.66,0.14,0.98,1.32,-2.73
196103,2.89,3.3,-0.73,0.2,4.54,1.5,-3.01
196104,0.29,0.07,2.12,0.17,3.6,1.93,0.76
196105,2.4,2.01,0.37,0.18,-1.57,3.51,0.78
196106,-3.08,-2.49,-0.14,0.2,0.33,1.32,-1.73
196107,2.83,-1.9,-0.09,0.18,0.27,1.43,-0.31
196108,2.57,-1.75,-0.28,0.14,1.59,1.13,-1.59
196109,-2.15,-1.07,-0.61,0.17,0.82,-1.65,-2.86
196110,2.57,-1.65,0.15,0.19,3.11,-1.4,-0.49
196111,4.45,1.26,-1.23,0.15,1.35,-0.47,-2.56
196112,-0.18,-0.85,1.79,0.19,-2.21,1.15,3.38
196201,-3.87,1.77,5.13,0.24,-2.03,0.94,6.62
196202,1.81,-1.15,0.82,0.2,-1.01,0.86,1.13
196203,-0.68,0.52,-1.38,0.2,1.84,0.71,-1.14
196204,-6.59,-0.7,0.03,0.22,2.91,-0.82,0.59
196205,-8.65,-3.34,2.77,0.24,0.41,-0.18,3.42
196206,-8.47,-0.59,2.55,0.2,6.46,-2.82,1.74
196207,6.28,1.52,-3.41,0.27,0.52,3.53,-2.27
196208,2.13,1.22,-1.2,0.23,-0.6,-0.12,-1.1
196209,-5.22,-2.42,1.28,0.21,3.95,2.42,1.73
196210,-0.05,-3.97,1.3,0.25,0.76,-2.07,0.83
196211,10.87,2.61,0.95,0.2,-7.16,5.3,0.79
196212,1.01,-3.8,0.36,0.23,5.89,5.02,-0.39
196301,4.93,3.08,2.21,0.25,-2.11,4.56,1.61
196302,-2.38,0.48,2.18,0.23,2.53,1.54,0.72
196303,3.08,-2.59,2.06,0.23,1.62,1.42,1.24
196304,4.51,-1.34,1.0,0.25,-0.09,-0.93,1.04
196305,1.76,1.13,2.54,0.24,0.33,0.14,2.41
196306,-2.0,-0.27,0.75,0.23,1.21,1.81,-0.31
196307,-0.39,-0.45,-0.97,0.27,0.9,-0.08,-1.11
196308,5.07,-0.98,1.8,0.25,1.01,1.3,1.58
196309,-1.57,-0.33,0.13,0.27,0.19,1.19,-0.17
196310,2.53,-0.58,-0.1,0.29,3.12,-0.66,-0.21
196311,-0.85,-1.17,1.75,0.27,-0.74,1.12,-0.01
196312,1.83,-2.16,-0.02,0.29,1.75,0.27,-0.01
196401,2.24,-0.11,1.48,0.3,0.86,-0.16,0.04
196402,1.54,0.11,2.81,0.26,0.26,0.19,1.2
196403,1.41,0.87,3.4,0.31,0.75,0.23,3.87
196404,0.1,-1.35,-0.67,0.29,-0.58,3.45,-2.54
196405,1.42,-0.86,1.86,0.26,2.57,-1.22,-0.1
196406,1.27,-0.12,0.62,0.3,0.46,0.48,-0.5
196407,1.74,0.24,0.75,0.3,-0.35,1.82,-0.06
196408,-1.44,0.16,0.08,0.28,-0.22,-1.11,-0.66
196409,2.69,-0.54,1.7,0.28,-0.41,1.25,3.66
196410,0.59,0.42,1.17,0.29,0.08,1.11,-0.6
196411,0.0,0.69,-1.96,0.29,1.03,-0.68,-1.47
196412,0.03,-0.35,-2.48,0.31,-0.74,0.85,-1.58
196501,3.54,2.7,0.12,0.28,-1.44,2.95,2.24
196502,0.44,3.55,0.11,0.3,0.32,-0.51,2.89
196503,-1.34,1.89,1.03,0.36,0.15,1.39,0.64
196504,3.11,1.1,0.66,0.31,2.63,0.4,0.19
196505,-0.77,0.11,-1.61,0.31,0.6,0.21,0.03
196506,-5.51,-4.34,0.59,0.35,-3.13,0.39,-1.81
196507,1.43,0.89,2.2,0.31,4.1,2.58,1.59
196508,2.73,2.84,-1.0,0.33,2.58,-1.4,1.67
196509,2.86,0.64,-0.13,0.31,3.3,-1.37,2.0
196510,2.6,2.52,1.56,0.31,3.46,-1.27,0.94
196511,-0.03,4.68,0.15,0.35,4.45,-2.42,1.04
196512,1.01,2.06,2.03,0.33,0.12,2.82,-0.29
196601,0.72,3.84,3.56,0.38,5.39,0.51,1.49
196602,-1.21,4.4,0.33,0.35,4.57,-2.73,1.36
196603,-2.51,0.99,-1.98,0.38,1.42,-0.32,0.63
196604,2.14,3.43,-0.46,0.34,6.28,-0.87,1.43
196605,-5.66,-4.6,-1.63,0.41,-4.7,3.48,-0.93
196606,-1.44,1.03,0.5,0.38,3.25,2.56,1.4
196607,-1.63,-0.36,0.95,0.35,-1.34,1.25,-0.41
196608,-7.91,-3.27,0.43,0.41,-2.14,0.3,2.25
196609,-1.06,-1.04,0.56,0.4,-1.84,1.04,-1.3
196610,3.86,-6.52,2.69,0.45,-5.26,-1.53,0.04
196611,1.4,4.24,-4.69,0.4,5.72,9.04,-0.17
196612,0.13,1.97,-1.19,0.4,1.06,0.28,0.43
196701,8.15,8.32,2.27,0.43,-6.93,3.53,0.75
196702,0.78,3.35,-2.22,0.36,3.52,1.3,2.11
196703,3.99,1.55,0.37,0.39,1.53,1.83,-0.77
196704,3.89,0.63,-2.48,0.32,0.59,0.56,-3.53
196705,-4.33,1.9,1.09,0.33,0.72,1.81,-0.24
196706,2.41,5.93,0.85,0.27,6.0,-1.09,-0.36
196707,4.58,3.12,2.73,0.31,-1.07,0.21,-1.71
196708,-0.89,0.42,1.44,0.31,-1.38,0.67,0.31
196709,3.11,3.06,-2.5,0.32,2.52,-0.64,-0.92
196710,-3.09,1.46,-3.3,0.39,3.67,-2.38,0.27
196711,0.37,0.21,-1.7,0.36,1.26,0.2,-2.18
196712,3.05,5.73,-0.53,0.33,3.25,-0.04,2.06
196801,-4.06,3.92,4.8,0.4,-4.7,3.96,5.95
196802,-3.75,-2.94,1.28,0.39,-3.43,-0.87,2.68
196803,0.2,-1.34,-0.59,0.38,3.23,1.54,-2.42
196804,9.05,5.68,-1.13,0.43,5.09,-0.74,-4.86
196805,2.28,6.4,0.85,0.45,3.8,-1.96,-1.86
196806,0.69,-0.19,0.73,0.43,-1.9,3.74,2.76
196807,-2.72,-1.36,5.39,0.48,-0.88,-1.33,6.31
196808,1.34,2.34,1.01,0.42,1.89,0.71,0.77
196809,4.03,2.8,0.3,0.43,-0.65,-0.15,0.04
196810,0.42,-0.48,2.86,0.44,-1.46,1.34,2.72
196811,5.43,2.34,-0.92,0.42,1.75,3.29,-2.16
196812,-3.94,3.37,-0.01,0.43,-0.01,2.39,-0.91
196901,-1.25,-0.74,1.67,0.53,-0.17,2.52,2.4
196902,-5.84,-3.92,0.91,0.46,-2.36,2.39,2.32
196903,2.64,-0.3,-0.51,0.46,3.97,0.29,-0.01
196904,1.46,-0.86,-0.03,0.53,1.13,-0.96,0.09
196905,-0.1,-0.21,0.7,0.48,1.7,1.44,1.36
196906,-7.18,-5.37,-1.08,0.51,-2.3,-0.11,1.46
196907,-7.0,-3.24,1.2,0.53,1.71,-1.61,2.97
196908,4.68,0.93,-3.79,0.5,2.17,3.28,-4.63
196909,-2.98,1.18,-3.27,0.62,2.52,0.63,-1.13
196910,5.06,3.91,-3.16,0.6,-4.31,-0.48,-1.72
196911,-3.79,-2.58,-1.19,0.52,3.66,1.04,-0.5
196912,-2.63,-3.71,-2.86,0.64,4.96,-2.86,0.09
197001,-8.1,2.93,3.13,0.6,0.6,-0.26,4.11
197002,5.13,-2.58,3.93,0.62,0.23,2.82,1.57
197003,-1.06,-2.32,3.99,0.57,-0.36,0.63,5.16
197004,-11.0,-6.15,6.18,0.5,-0.77,-4.54,6.85
197005,-6.92,-4.59,3.33,0.53,-2.78,-3.16,3.83
197006,-5.79,-2.13,0.6,0.58,5.7,-0.1,3.19
197007,6.93,-0.5,0.9,0.52,-3.14,3.97,1.49
197008,4.49,1.52,1.15,0.53,-6.55,1.52,-0.85
197009,4.18,8.59,-5.47,0.54,-8.8,0.57,-7.56
197010,-2.28,-4.21,0.22,0.46,9.42,6.79,0.77
197011,4.6,-3.94,1.69,0.46,2.73,-0.52,2.05
197012,5.72,2.92,1.0,0.42,-2.23,2.37,1.23
197101,4.84,7.36,1.33,0.38,-6.51,1.88,0.8
197102,1.41,1.86,-1.23,0.33,0.79,1.76,-0.21
197103,4.13,2.62,-3.95,0.3,-1.41,0.1,-1.98
197104,3.15,-0.49,0.69,0.28,1.41,0.92,2.02
197105,-3.98,-1.04,-1.44,0.29,0.86,0.53,-0.66
197106,-0.1,-1.47,-1.87,0.37,2.73,-0.99,-1.15
197107,-4.5,-1.48,0.02,0.4,-2.35,1.37,-2.93
197108,3.79,-0.17,2.63,0.47,3.61,5.57,1.97
197109,-0.85,0.51,-2.91,0.37,2.12,0.29,-1.75
197110,-4.42,-1.76,-0.48,0.37,0.47,-1.25,-0.02
197111,-0.46,-2.77,-1.68,0.37,1.51,-0.82,-0.89
197112,8.71,3.29,-0.4,0.37,-0.58,3.65,0.7
197201,2.49,5.85,2.24,0.29,0.17,-0.58,2.85
197202,2.87,1.3,-2.79,0.25,2.54,-0.1,-1.42
197203,0.63,-0.24,-1.61,0.27,2.94,1.46,-1.63
197204,0.29,0.11,0.12,0.29,2.81,0.13,-0.32
197205,1.25,-2.69,-2.7,0.3,3.29,-0.93,-1.22
197206,-2.43,0.27,-2.48,0.29,1.9,-1.74,-1.11
197207,-0.8,-2.87,0.66,0.31,2.75,-2.32,-0.24
197208,3.26,-4.03,4.54,0.29,-5.4,0.7,3.08
197209,-1.14,-2.65,0.46,0.34,1.82,1.48,-1.29
197210,0.52,-2.73,1.34,0.4,0.71,-0.93,0.18
197211,4.6,-1.2,4.85,0.37,-5.09,3.28,1.38
197212,0.62,-1.95,-2.19,0.37,4.92,3.89,-2.29
197301,-3.29,-3.49,2.68,0.44,3.73,-1.37,-0.02
197302,-4.85,-3.87,1.6,0.41,2.16,-2.2,-0.17
197303,-1.3,-2.82,2.62,0.46,3.59,0.43,0.89
197304,-5.68,-3.85,5.41,0.52,6.36,-0.68,2.49
197305,-2.94,-6.3,0.41,0.51,7.14,-1.11,-2.47
197306,-1.57,-2.86,1.2,0.51,4.3,0.11,-0.4
197307,5.05,7.97,-5.31,0.64,-11.57,9.47,0.4
197308,-3.82,-2.13,1.24,0.7,3.46,1.71,0.28
197309,4.75,3.04,2.01,0.68,-7.0,1.65,5.73
197310,-0.83,-0.45,1.94,0.65,6.87,1.82,2.32
197311,-12.75,-7.67,3.87,0.56,8.66,-4.67,-2.37
197312,0.61,-5.35,3.85,0.64,10.38,0.39,2.52
197401,-0.17,9.68,6.02,0.63,-8.85,9.23,7.66
197402,-0.47,-0.18,2.81,0.58,0.32,0.73,4.5
197403,-2.81,2.6,-0.32,0.56,-1.05,4.12,-0.26
197404,-5.29,-0.74,0.85,0.75,2.11,-1.39,1.27
197405,-4.68,-2.96,-2.02,0.75,-0.39,-2.72,-3.02
197406,-2.83,-0.17,0.77,0.6,2.31,-0.95,-1.88
197407,-8.05,0.84,5.16,0.7,3.11,0.85,3.32
197408,-9.35,-0.73,2.64,0.6,3.0,2.04,2.02
197409,-11.77,0.27,5.58,0.81,4.24,3.26,1.24
197410,16.1,-3.46,-9.87,0.51,-0.54,8.72,-5.2
197411,-4.51,-1.21,-0.2,0.54,2.13,-0.3,0.02
197412,-3.45,-4.83,0.11,0.7,2.92,-0.38,-4.0
197501,13.66,11.14,8.28,0.58,-13.82,14.57,14.51
197502,5.56,0.16,-4.44,0.43,-0.61,4.55,0.08
197503,2.66,3.78,2.38,0.41,-2.04,3.5,4.86
197504,4.23,-0.65,-1.14,0.44,1.38,-0.46,-1.99
197505,5.19,3.83,-4.1,0.44,-0.58,3.76,2.05
197506,4.83,0.87,1.38,0.41,0.04,3.29,2.5
197507,-6.59,2.7,1.69,0.48,0.42,1.21,0.78
197508,-2.85,-3.25,-0.95,0.48,-0.1,0.64,-2.37
197509,-4.26,-0.1,0.39,0.53,0.41,-0.31,-1.4
197510,5.31,-4.03,0.28,0.56,-0.16,1.56,0.75
197511,2.64,-1.2,2.03,0.41,-0.45,-2.52,2.25
197512,-1.6,-0.78,1.69,0.48,-0.11,3.26,-0.32
197601,12.16,4.81,8.63,0.47,4.45,2.84,9.15
197602,0.32,7.06,5.87,0.34,0.38,-2.48,4.9
197603,2.32,-1.16,-0.12,0.4,0.15,4.43,0.3
197604,-1.49,-0.11,-0.16,0.42,0.59,2.13,-1.81
197605,-1.34,-1.23,-1.36,0.37,-1.12,-0.77,-3.43
197606,4.05,-1.32,0.71,0.43,-0.42,0.63,1.69
197607,-1.07,0.29,1.73,0.47,-0.13,1.68,0.4
197608,-0.56,-2.0,0.81,0.42,-0.85,-2.04,0.29
197609,2.07,-0.02,-0.29,0.44,0.22,-0.32,-0.42
197610,-2.42,0.22,-0.18,0.41,-0.44,1.14,-1.59
197611,0.36,2.32,1.51,0.4,2.91,0.54,1.19
197612,5.65,3.03,2.27,0.4,0.73,3.64,2.85
197701,-4.05,4.76,4.27,0.36,4.0,0.54,0.88
197702,-1.94,1.04,0.47,0.35,0.36,1.38,-1.47
197703,-1.37,1.0,1.09,0.38,0.55,1.03,-0.76
197704,0.15,-0.12,3.38,0.38,4.21,-1.22,0.22
197705,-1.45,1.18,0.85,0.37,2.03,-0.32,0.26
197706,4.71,2.09,-0.74,0.4,1.66,0.09,3.23
197707,-1.69,2.16,-0.56,0.42,0.32,1.03,1.47
197708,-1.75,1.48,-2.7,0.44,-1.7,-0.71,3.4
197709,-0.27,1.34,-0.52,0.43,2.0,0.83,0.53
197710,-4.38,1.25,1.75,0.49,-0.08,1.76,-1.07
197711,4.0,3.73,0.26,0.5,2.01,2.22,3.32
197712,0.27,1.32,-0.29,0.49,1.58,-0.13,-1.7
197801,-6.01,2.24,3.36,0.49,-0.66,1.07,1.49
197802,-1.38,3.59,0.83,0.46,1.97,1.17,-0.68
197803,2.85,3.49,1.18,0.53,1.37,-0.27,0.75
197804,7.88,0.45,-3.54,0.54,0.86,0.22,1.92
197805,1.76,4.56,-0.52,0.51,2.83,0.08,-0.17
197806,-1.69,1.66,0.57,0.54,2.74,1.35,0.06
197807,5.11,0.23,-1.15,0.56,4.17,0.91,0.57
197808,3.75,5.06,-0.51,0.56,2.83,0.87,-0.55
197809,-1.43,-0.43,1.89,0.62,-3.14,3.65,-0.72
197810,-11.91,-9.86,1.38,0.68,-8.46,-1.84,-0.11
197811,2.71,2.97,-2.15,0.7,5.45,9.15,-0.77
197812,0.88,1.29,-2.13,0.78,3.03,-0.39,0.24
197901,4.23,3.62,2.19,0.77,-1.36,5.62,-0.65
197902,-3.56,0.45,1.17,0.73,-1.06,1.31,0.93
197903,5.68,3.26,-0.71,0.81,2.93,1.47,-0.39
197904,-0.06,2.15,1.12,0.8,0.81,-0.4,-0.42
197905,-2.21,0.21,1.31,0.82,-0.54,1.17,0.71
197906,3.85,1.17,1.44,0.81,0.84,1.19,-2.73
197907,0.82,1.28,1.86,0.77,-1.07,0.6,-2.01
197908,5.53,2.05,-1.58,0.77,-0.2,0.79,-1.67
197909,-0.82,-0.27,-0.9,0.83,5.28,-1.63,0.13
197910,-8.1,-3.37,-1.84,0.87,2.01,-1.94,1.54
197911,5.21,2.87,-3.29,0.99,8.14,1.31,-2.27
197912,1.79,4.17,-2.1,0.95,4.78,-1.89,-0.37
198001,5.51,1.62,1.75,0.8,7.55,-3.41,-0.69
198002,-1.22,-1.85,0.61,0.89,7.88,-4.91,0.0
198003,-12.9,-6.64,-1.01,1.21,-9.55,8.46,2.52
198004,3.97,1.05,1.06,1.26,-0.43,1.4,-0.05
198005,5.26,2.13,0.38,0.81,-1.12,2.84,0.83
198006,3.06,1.66,-0.76,0.61,1.62,2.24,-2.8
198007,6.49,4.14,-6.41,0.53,0.39,2.95,-1.61
198008,1.8,3.92,-2.6,0.64,3.21,-0.84,-1.54
198009,2.19,0.98,-4.59,0.75,5.39,-1.52,-1.72
198010,1.06,2.47,-2.76,0.95,7.3,-1.96,-2.73
198011,9.59,-3.36,-8.33,0.96,15.22,-9.71,-7.87
198012,-4.52,-0.26,2.79,1.31,-6.68,6.38,3.45
198101,-5.04,2.92,6.72,1.04,-7.95,-2.29,7.56
198102,0.57,-0.34,1.02,1.07,-1.35,-2.33,2.57
198103,3.56,3.54,0.64,1.21,0.74,1.59,1.54
198104,-2.11,4.4,2.28,1.08,-0.91,-1.5,2.74
198105,0.11,2.0,-0.42,1.15,3.7,-3.78,1.59
198106,-2.36,-0.83,5.13,1.35,-5.81,4.78,0.99
198107,-1.54,-2.19,-0.5,1.24,-2.45,-0.56,-3.48
198108,-7.04,-1.95,4.76,1.28,-1.15,-0.65,1.3
198109,-7.17,-2.65,5.17,1.24,1.95,-1.11,5.13
198110,4.92,2.23,-4.21,1.21,4.01,4.55,-4.93
198111,3.36,-1.03,1.83,1.07,-0.27,2.67,0.64
198112,-3.65,1.2,0.81,0.87,1.3,1.66,1.4
198201,-3.24,-1.28,3.19,0.8,1.72,-1.37,6.34
198202,-5.86,0.44,6.05,0.92,4.88,-4.31,5.95
198203,-1.87,-0.21,3.81,0.98,2.96,-1.89,3.92
198204,3.27,1.47,-2.7,1.13,-0.4,1.65,-1.68
198205,-3.99,0.52,1.75,1.06,2.5,1.99,1.48
198206,-3.09,-0.4,1.53,0.96,4.96,0.15,1.95
198207,-3.19,0.83,0.09,1.05,4.45,-2.88,2.21
198208,11.14,-4.14,0.95,0.76,-3.52,1.14,-0.91
198209,1.29,2.95,0.28,0.51,4.19,4.52,-0.53
198210,11.3,2.34,-3.66,0.59,0.18,2.97,-0.69
198211,4.67,4.67,-1.87,0.63,5.95,-4.48,1.03
198212,0.55,-0.22,-0.02,0.67,0.04,3.8,0.97
198301,3.6,2.73,-0.75,0.69,-1.73,3.18,0.12
198302,2.59,3.27,0.7,0.62,3.77,2.63,-0.37
198303,2.82,1.73,2.02,0.63,0.92,0.34,0.96
198304,6.67,0.5,0.49,0.71,1.72,-0.55,3.1
198305,0.52,6.24,-1.4,0.69,-1.56,2.73,-2.03
198306,3.07,0.95,-3.9,0.67,1.8,0.18,-0.83
198307,-4.07,1.5,5.62,0.74,-3.13,2.04,1.12
198308,-0.5,-4.28,5.54,0.76,-5.43,-0.65,0.15
198309,0.91,0.61,1.01,0.76,-0.03,2.36,0.77
198310,-3.44,-3.57,4.97,0.76,-4.52,-1.63,1.16
198311,2.16,2.01,-0.72,0.7,-0.13,4.94,-1.25
198312,-1.78,-0.27,1.73,0.73,0.84,1.97,1.3
198401,-1.92,-0.38,7.58,0.76,-2.56,0.64,4.24
198402,-4.82,-1.69,3.33,0.71,0.22,-2.06,0.22
198403,0.63,0.07,0.46,0.73,1.07,2.51,0.8
198404,-0.51,-1.16,1.2,0.81,2.07,1.61,-1.65
198405,-5.97,0.06,0.31,0.78,1.51,0.81,-0.29
198406,1.82,-0.3,-2.66,0.75,-0.7,0.96,-3.58
198407,-2.74,-2.21,0.36,0.82,2.85,-1.45,-1.55
198408,10.28,-0.24,-1.82,0.83,-5.59,7.29,-1.81
198409,-0.8,0.17,5.28,0.86,3.62,4.28,1.75
198410,-0.84,-1.23,0.45,1.0,3.16,-1.21,-1.7
198411,-1.76,-0.65,4.06,0.73,1.64,-0.67,1.07
198412,1.84,-0.56,-0.26,0.64,1.49,0.8,-3.11
198501,7.99,3.31,-5.35,0.65,-6.82,2.32,-1.83
198502,1.22,0.79,-0.1,0.58,1.88,2.5,-0.08
198503,-0.84,-1.08,4.07,0.62,1.58,-1.37,-0.92
198504,-0.96,0.14,3.72,0.72,3.04,-2.46,0.17
198505,5.09,-2.22,-0.96,0.66,3.99,-0.54,-3.99
198506,1.27,0.52,0.38,0.55,3.57,-0.67,-2.42
198507,-0.74,2.84,-1.62,0.62,-3.91,3.62,1.62
198508,-1.02,-0.3,2.32,0.55,1.85,1.77,0.01
198509,-4.54,-1.59,1.29,0.6,1.51,-1.85,-0.8
198510,4.02,-1.51,0.75,0.65,4.88,0.66,-2.49
198511,6.48,0.25,-2.85,0.61,-0.47,2.41,-2.22
198512,3.88,-0.51,-1.54,0.65,-0.23,-0.34,-3.09
198601,0.65,1.21,0.44,0.56,3.0,0.84,-2.75
198602,7.13,-0.54,-0.72,0.53,2.76,-1.69,-3.62
198603,4.88,-0.59,-0.39,0.6,2.41,-0.07,-2.66
198604,-1.31,2.78,-2.87,0.52,-0.37,2.82,-1.24
198605,4.62,-1.35,-0.21,0.49,2.05,1.05,-1.49
198606,1.03,-0.96,1.28,0.52,5.07,-2.48,-6.4
198607,-6.45,-3.36,4.7,0.52,1.83,-2.86,-3.84
198608,6.07,-4.17,3.51,0.46,-5.28,1.14,4.75
198609,-8.6,2.36,3.22,0.45,-5.79,-0.31,3.91
198610,4.66,-2.5,-1.42,0.46,4.46,3.58,0.72
198611,1.17,-1.91,-0.07,0.39,-0.26,0.71,0.24
198612,-3.27,0.13,0.36,0.49,0.35,0.61,0.58
198701,12.47,-1.81,-3.16,0.42,2.2,0.31,3.19
198702,4.39,3.49,-5.91,0.43,-2.07,-1.11,-0.12
198703,1.64,0.45,1.61,0.47,1.68,1.81,4.33
198704,-2.11,-1.69,-0.39,0.44,0.22,-1.9,3.68
198705,0.11,-0.5,0.23,0.38,-0.74,-0.3,1.99
198706,3.94,-2.12,1.04,0.48,-0.25,0.01,-1.3
198707,3.85,-0.69,0.68,0.46,2.72,-0.22,2.24
198708,3.52,-0.77,-0.93,0.47,-0.86,2.45,-2.84
198709,-2.59,0.54,0.27,0.45,0.77,-0.4,2.98
198710,-23.24,-8.43,4.24,0.6,-7.86,-0.13,-5.8
198711,-7.77,2.72,2.95,0.35,-1.17,-0.87,-0.2
198712,6.81,0.13,-4.43,0.39,5.87,5.8,2.74
198801,4.21,-0.72,5.01,0.29,-7.24,7.91,-1.61
198802,4.75,3.34,-1.71,0.46,-1.47,4.36,1.34
198803,-2.27,6.15,0.73,0.44,0.58,-0.84,1.24
198804,0.56,1.0,1.67,0.46,2.24,0.23,0.47
198805,-0.29,-2.6,2.42,0.51,0.63,0.65,-0.05
198806,4.79,2.11,-1.24,0.49,-2.93,1.87,1.86
198807,-1.25,-0.25,2.22,0.51,0.66,3.36,-1.35
198808,-3.31,0.04,2.15,0.59,0.35,-1.93,-1.96
198809,3.3,-1.31,-0.75,0.62,0.27,-0.12,-2.0
198810,1.15,-2.93,2.05,0.61,1.33,-1.0,-0.25
198811,-2.29,-1.72,1.41,0.57,0.33,-0.67,-0.8
198812,1.49,1.95,-1.69,0.63,0.49,2.29,0.79
198901,6.1,-2.23,0.6,0.55,-0.16,0.97,2.83
198902,-2.25,2.82,1.01,0.61,0.99,1.07,0.93
198903,1.57,0.67,0.58,0.67,3.51,-0.89,0.55
198904,4.33,-0.68,-1.42,0.67,1.77,-0.65,-1.06
198905,3.35,-0.05,-0.88,0.79,1.52,-2.74,-1.72
198906,-1.35,-1.02,2.25,0.71,0.43,2.3,-0.65
198907,7.2,-4.14,-2.79,0.7,5.41,1.43,-1.77
198908,1.44,0.56,0.6,0.74,-0.12,1.85,0.15
198909,-0.76,0.32,-1.27,0.65,3.4,1.17,-2.82
198910,-3.67,-3.23,-1.11,0.68,1.32,-4.32,-3.53
198911,1.03,-1.24,-1.09,0.69,2.6,-1.75,-1.25
198912,1.16,-2.36,0.16,0.61,2.8,-2.56,-0.82
199001,-7.85,-1.24,0.85,0.57,-3.27,1.02,3.48
199002,1.11,0.99,0.64,0.57,-0.55,0.49,1.91
199003,1.83,1.5,-2.92,0.64,1.8,0.17,-0.24
199004,-3.36,-0.46,-2.59,0.69,2.39,-1.82,-1.18
199005,8.42,-2.53,-3.83,0.68,3.03,-0.35,0.99
199006,-1.09,1.4,-1.93,0.63,2.4,-0.22,-1.48
199007,-1.9,-3.12,-0.03,0.68,6.1,-0.68,-1.88
199008,-10.15,-3.57,1.64,0.66,1.88,-3.65,1.56
199009,-6.12,-3.65,0.64,0.6,5.78,-5.98,0.37
199010,-1.92,-5.57,0.1,0.68,6.71,-2.68,-3.38
199011,6.35,0.43,-3.1,0.57,-5.48,5.85,-0.63
199012,2.46,0.81,-1.7,0.6,0.29,-3.01,-2.08
199101,4.69,3.81,-1.6,0.52,-6.45,-1.93,6.31
199102,7.19,3.95,-0.58,0.48,-4.61,1.93,1.13
199103,2.65,3.93,-1.39,0.44,2.87,0.52,-0.45
199104,-0.28,0.48,1.5,0.53,-2.36,1.57,-1.22
199105,3.65,-0.4,-0.52,0.47,-0.11,0.08,1.37
199106,-4.94,0.13,1.15,0.42,0.47,2.06,-1.76
199107,4.24,-0.92,-1.32,0.49,4.32,2.13,0.72
199108,2.32,1.58,-0.78,0.46,1.57,-2.92,-0.5
199109,-1.59,1.64,-1.08,0.46,1.79,-0.76,-0.73
199110,1.29,0.81,-0.47,0.42,3.06,-1.18,2.35
199111,-4.19,-0.5,-1.89,0.39,1.14,-0.4,-2.75
199112,10.84,-2.24,-4.17,0.38,8.19,1.06,-0.9
199201,-0.59,8.46,4.71,0.34,-2.49,5.22,9.44
199202,1.09,0.87,6.47,0.28,-0.53,-2.9,5.27
199203,-2.66,-1.04,3.56,0.34,-0.29,-1.09,1.42
199204,1.07,-6.06,4.34,0.32,-2.58,-3.38,0.78
199205,0.3,0.41,1.19,0.28,0.21,-0.16,-0.5
199206,-2.34,-3.07,3.24,0.32,-0.58,0.91,1.21
199207,3.77,-0.47,-0.56,0.31,1.56,2.12,-1.36
199208,-2.38,-0.13,-1.1,0.26,-0.51,-1.56,-4.11
199209,1.19,0.54,-0.26,0.26,1.49,-1.12,0.09
199210,1.02,2.09,-1.98,0.23,2.48,-0.2,-0.9
199211,4.13,3.76,-1.35,0.23,-0.15,-1.04,0.32
199212,1.53,1.69,2.62,0.28,4.31,1.23,0.85
199301,0.93,1.89,5.94,0.23,4.83,-0.45,5.55
199302,0.12,-3.48,6.42,0.22,3.14,-1.49,4.21
199303,2.3,0.24,1.18,0.25,3.73,-0.95,1.88
199304,-3.05,-0.67,2.49,0.24,0.38,-1.71,2.37
199305,2.89,2.04,-3.42,0.22,0.22,1.49,1.32
199306,0.31,-0.29,2.75,0.25,4.55,2.24,1.72
199307,-0.34,0.96,2.85,0.24,3.16,-2.69,1.01
199308,3.71,0.13,0.13,0.25,2.65,1.28,1.11
199309,-0.12,3.04,-0.31,0.26,3.37,0.69,0.62
199310,1.41,2.03,-2.76,0.22,-2.72,1.9,1.67
199311,-1.89,-1.25,-0.74,0.25,-4.74,-1.39,1.53
199312,1.65,1.23,0.32,0.23,2.36,1.07,0.4
199401,2.87,0.34,1.15,0.25,0.0,1.69,3.83
199402,-2.55,2.8,-1.54,0.21,-0.3,0.36,-0.12
199403,-4.78,-1.08,1.6,0.27,-1.27,0.09,0.62
199404,0.68,-0.93,1.66,0.27,0.39,-0.38,0.19
199405,0.58,-2.15,0.67,0.31,-2.19,0.06,1.65
199406,-3.03,-0.41,1.67,0.31,-0.87,0.15,0.47
199407,2.82,-1.81,0.58,0.28,0.18,1.44,0.51
199408,4.01,1.45,-2.51,0.37,1.55,1.44,2.28
199409,-2.31,3.14,-1.89,0.37,1.31,-0.77,1.67
199410,1.34,-2.24,-1.62,0.38,1.49,-0.22,0.67
199411,-4.04,0.25,-0.7,0.37,-0.18,-2.01,-1.61
199412,0.86,0.22,-0.13,0.44,3.48,0.81,0.21
199501,1.8,-3.5,2.57,0.42,-1.81,4.0,-0.55
199502,3.63,-0.66,1.08,0.4,-0.39,2.39,-1.02
199503,2.19,-0.16,-2.15,0.46,0.43,-0.04,1.23
199504,2.11,-0.49,1.71,0.44,1.79,-0.52,0.37
199505,2.9,-2.55,2.29,0.54,-0.42,-0.46,-1.14
199506,2.72,3.18,-2.54,0.47,2.93,1.23,-1.76
199507,3.72,2.07,-1.62,0.45,2.56,-2.12,-0.86
199508,0.55,1.35,2.79,0.47,0.16,1.28,-1.13
199509,3.35,-2.2,-0.04,0.43,2.9,-0.89,-0.97
199510,-1.52,-3.78,-0.5,0.47,4.16,-1.02,0.61
199511,3.96,-1.09,0.51,0.42,-0.68,0.6,0.75
199512,1.03,0.7,0.22,0.49,2.52,-0.98,3.99
199601,2.26,-2.73,0.38,0.43,0.54,1.0,1.27
199602,1.33,1.79,-1.08,0.39,0.59,2.17,-1.29
199603,0.73,1.49,0.35,0.39,-1.84,-0.11,-0.25
199604,2.06,5.23,-4.02,0.46,-0.88,0.69,-0.72
199605,2.36,3.17,-0.83,0.42,1.54,-1.07,1.24
199606,-1.14,-4.01,2.35,0.4,0.98,-0.18,-0.15
199607,-5.97,-4.31,5.14,0.45,-0.16,-2.44,-0.01
199608,2.77,2.44,-0.74,0.41,0.01,2.55,-1.59
199609,5.01,-0.98,-2.72,0.44,2.7,0.54,-2.13
199610,0.86,-4.44,4.94,0.42,3.79,-1.12,0.09
199611,6.25,-4.02,1.39,0.41,-2.37,0.21,-2.46
199612,-1.7,3.16,1.31,0.46,0.63,0.64,-0.57
199701,4.99,-1.95,-1.42,0.45,1.96,2.62,-1.55
199702,-0.49,-3.22,5.67,0.39,-2.13,1.25,0.89
199703,-5.03,-0.36,3.39,0.43,0.9,0.88,2.09
199704,4.04,-5.77,0.07,0.43,4.84,2.43,-3.86
199705,6.74,5.19,-4.13,0.49,-5.17,2.87,-2.15
199706,4.1,1.22,1.58,0.37,2.6,0.73,0.18
199707,7.33,-2.74,0.26,0.43,3.77,3.87,-1.16
199708,-4.15,7.28,1.18,0.41,-2.56,-0.16,3.18
199709,5.35,2.53,0.37,0.44,1.47,1.7,-0.41
199710,-3.8,-0.74,2.27,0.42,-0.57,-0.96,0.43
199711,2.98,-5.11,1.19,0.39,0.33,-2.01,1.08
199712,1.32,-2.49,3.84,0.48,3.98,-2.91,0.1
199801,0.15,-1.06,-1.63,0.43,0.14,5.02,-0.91
199802,7.04,0.32,-0.85,0.39,-1.12,1.92,-1.29
199803,4.76,-1.14,1.39,0.39,2.15,1.84,2.22
199804,0.73,0.07,0.94,0.43,0.74,1.7,-0.87
199805,-3.07,-3.36,3.4,0.4,1.82,0.74,1.42
199806,3.18,-3.2,-1.97,0.41,7.28,-1.44,-0.76
199807,-2.46,-4.92,-1.78,0.4,3.69,-2.02,0.27
199808,-16.08,-5.7,3.53,0.43,1.84,-2.66,4.63
199809,6.15,0.1,-3.42,0.46,-0.81,2.75,0.33
199810,7.13,-3.12,-2.23,0.32,-5.37,9.85,-4.25
199811,6.1,1.22,-3.25,0.31,1.2,1.32,-0.44
199812,6.16,-0.5,-4.19,0.38,8.92,-1.63,-0.97
199901,3.5,0.76,-4.6,0.35,3.03,-2.32,1.04
199902,-4.08,-6.09,1.92,0.35,-0.1,2.46,0.38
199903,3.45,-3.79,-2.74,0.43,-1.27,0.21,-1.21
199904,4.33,3.91,2.46,0.37,-9.04,2.37,5.46
199905,-2.46,3.34,2.35,0.34,-5.19,1.21,3.41
199906,4.77,3.09,-3.19,0.4,5.06,1.7,0.59
199907,-3.49,2.6,-0.44,0.38,1.66,1.54,1.87
199908,-1.38,-0.94,-1.87,0.39,3.12,-3.39,-1.82
199909,-2.79,3.41,-3.5,0.39,6.47,-0.61,0.39
199910,6.12,-6.64,-3.37,0.39,5.5,-1.49,-2.86
199911,3.37,7.2,-6.11,0.36,5.64,0.43,4.84
199912,7.72,7.02,-8.32,0.44,13.22,-14.01,5.5
200001,-4.74,5.79,-1.91,0.41,1.92,2.61,1.67
200002,2.45,21.42,-9.7,0.43,18.2,-13.47,7.33
200003,5.2,-17.23,8.17,0.47,-6.83,9.89,-5.15
200004,-6.4,-6.68,7.26,0.46,-8.39,-2.18,0.28
200005,-4.42,-6.09,4.81,0.5,-8.98,-8.89,-1.67
200006,4.64,12.85,-8.43,0.4,16.6,12.39,2.4
200007,-2.51,-3.06,8.3,0.48,-0.05,6.51,-3.06
200008,7.03,-0.62,-1.38,0.5,5.73,0.54,1.21
200009,-5.45,-1.82,7.17,0.51,1.97,2.64,-2.6
200010,-2.76,-3.87,5.7,0.56,-4.48,-4.8,-0.93
200011,-10.72,-3.43,12.32,0.51,-2.32,-14.63,0.48
200012,1.19,0.72,7.61,0.5,6.74,-6.88,2.75
200101,3.13,6.69,-5.09,0.54,-25.3,16.21,-2.57
200102,-10.05,-0.79,12.48,0.38,12.57,12.19,10.99
200103,-7.26,0.24,6.42,0.42,8.55,-7.54,3.71
200104,7.94,0.55,-4.68,0.39,-7.9,9.87,-3.75
200105,0.72,2.49,3.38,0.32,2.21,3.8,3.76
200106,-1.94,6.24,-1.13,0.28,0.38,0.6,1.81
200107,-2.13,-4.19,5.21,0.3,5.58,1.38,2.82
200108,-6.46,2.48,2.3,0.31,5.53,-3.9,5.89
200109,-9.25,-6.23,1.45,0.28,11.48,-4.96,0.01
200110,2.46,7.49,-7.66,0.22,-8.47,14.84,-1.53
200111,7.54,-0.47,2.22,0.17,-8.69,-3.13,0.4
200112,1.6,4.73,0.85,0.15,0.07,1.68,1.11
200201,-1.44,1.19,3.44,0.14,3.75,2.13,3.3
200202,-2.29,-1.0,2.16,0.13,6.82,0.05,4.07
200203,4.24,4.21,1.06,0.13,-1.64,2.75,2.08
200204,-5.2,5.96,3.88,0.15,7.63,2.11,5.96
200205,-1.38,-3.21,1.53,0.14,3.16,-2.68,2.35
200206,-7.21,4.29,-0.03,0.13,6.03,-3.58,2.09
200207,-8.18,-5.28,-3.85,0.15,3.77,1.28,-3.04
200208,0.5,-2.86,3.29,0.14,1.9,1.52,-0.54
200209,-10.35,2.4,1.47,0.14,9.13,-1.77,-0.68
200210,7.84,-3.4,-3.94,0.14,-5.58,7.39,-0.2
200211,5.96,3.19,-1.21,0.12,-16.33,0.18,4.22
200212,-5.76,0.09,2.14,0.11,9.64,10.74,2.05
200301,-2.57,1.35,-0.81,0.1,1.55,0.28,0.31
200302,-1.88,-0.45,-1.38,0.09,1.17,-0.69,-1.85
200303,1.09,1.03,-1.91,0.1,1.48,0.03,-2.75
200304,8.22,0.66,1.17,0.1,-9.33,3.0,-0.82
200305,6.05,4.74,0.5,0.09,-10.7,-1.52,3.53
200306,1.42,1.77,0.15,0.1,-1.0,-0.11,1.2
200307,2.35,5.05,-1.24,0.07,-0.24,2.49,0.8
200308,2.34,2.59,1.54,0.07,-0.62,-1.5,-0.47
200309,-1.24,0.8,0.15,0.08,-0.19,4.62,1.1
200310,6.08,2.69,1.97,0.07,3.99,2.17,2.0
200311,1.35,2.07,1.78,0.07,1.46,-1.57,1.92
200312,4.29,-2.68,1.61,0.08,-5.57,1.84,1.92
200401,2.15,2.55,2.48,0.07,2.58,2.32,2.01
200402,1.4,-1.58,0.91,0.06,-1.14,1.55,-2.93
200403,-1.32,1.72,0.28,0.09,0.17,-2.16,-1.77
200404,-1.83,-1.68,-3.09,0.08,-5.38,-0.2,-2.23
200405,1.17,-0.2,-0.24,0.06,1.5,2.28,0.88
200406,1.86,2.26,1.19,0.08,2.05,0.32,1.76
200407,-4.06,-3.81,3.23,0.1,-2.29,-1.41,-2.53
200408,0.08,-1.49,1.0,0.11,-1.59,-2.39,-2.91
200409,1.6,3.02,-0.01,0.11,5.49,3.1,-1.34
200410,1.43,0.15,-0.22,0.11,-1.38,0.25,0.93
200411,4.54,3.74,1.42,0.15,3.16,1.53,-1.12
200412,3.43,-0.03,-0.22,0.16,-2.87,0.94,0.88
200501,-2.76,-1.72,2.06,0.16,3.05,1.46,-2.97
200502,1.89,-0.57,1.53,0.16,3.37,-2.45,-1.44
200503,-1.97,-1.4,2.04,0.21,0.41,0.09,-0.69
200504,-2.61,-3.93,0.06,0.21,-0.69,-1.84,-1.44
200505,3.65,2.89,-0.64,0.24,0.45,3.17,0.6
200506,0.57,2.59,2.82,0.23,2.05,0.03,-1.55
200507,3.92,2.9,-0.78,0.24,0.06,-0.17,0.88
200508,-1.22,-0.98,1.32,0.3,2.08,-1.37,0.41
200509,0.49,-0.66,0.72,0.29,3.43,-3.69,-0.07
200510,-2.02,-1.25,0.43,0.27,-1.39,1.61,-0.93
200511,3.61,1.0,-1.18,0.31,0.35,0.1,0.27
200512,-0.25,-0.42,0.2,0.32,0.77,2.04,-0.89
200601,3.04,5.39,1.08,0.35,2.53,-1.0,1.2
200602,-0.3,-0.38,-0.35,0.34,-1.84,3.39,1.3
200603,1.46,3.45,0.59,0.37,1.26,-0.08,0.51
200604,0.73,-1.42,2.34,0.36,0.64,-0.33,-0.37
200605,-3.57,-2.96,2.42,0.43,-3.7,-0.04,-0.14
200606,-0.35,-0.39,0.85,0.4,1.54,-0.57,-1.1
200607,-0.78,-3.98,2.62,0.4,-2.12,0.22,1.43
200608,2.03,1.03,-2.06,0.42,-3.38,1.77,2.99
200609,1.84,-1.36,0.08,0.41,-0.96,0.76,1.78
200610,3.23,1.75,-0.3,0.41,-0.2,-0.26,-0.51
200611,1.71,0.7,0.14,0.42,-1.03,-0.91,-1.91
200612,0.87,-1.15,2.73,0.4,0.79,2.41,1.93
200701,1.4,0.13,-0.69,0.44,0.24,1.09,-0.72
200702,-1.96,1.18,-0.13,0.38,-1.35,0.18,-0.68
200703,0.68,0.16,-0.96,0.43,2.56,-2.05,-1.14
200704,3.49,-2.15,-1.46,0.44,-0.24,-0.31,0.31
200705,3.24,0.24,-0.65,0.41,-0.34,-0.99,-2.48
200706,-1.96,0.76,-1.07,0.4,0.51,-0.65,-0.16
200707,-3.73,-2.6,-3.72,0.4,2.94,-3.59,-2.06
200708,0.92,-0.13,-1.86,0.42,0.1,-2.61,-0.11
200709,3.22,-2.22,-2.23,0.32,4.63,0.36,-2.81
200710,1.8,0.13,-3.05,0.32,5.02,-3.96,-1.57
200711,-4.83,-2.92,-0.95,0.34,0.99,-1.69,0.64
200712,-0.87,0.12,-0.54,0.27,6.63,-2.05,-1.89
200801,-6.36,-1.04,3.98,0.21,-7.75,6.93,1.79
200802,-3.09,-0.43,-0.84,0.13,6.1,5.05,-2.09
200803,-0.93,0.71,0.3,0.17,4.27,-0.37,2.85
200804,4.6,-1.65,-1.04,0.18,-0.31,3.13,-4.53
200805,1.86,3.0,-1.49,0.18,3.31,-2.28,-4.45
200806,-8.44,1.2,-2.67,0.17,12.75,-7.09,-3.17
200807,-0.77,2.61,5.42,0.15,-5.13,7.94,7.59
200808,1.53,3.6,1.59,0.13,-4.02,-0.51,1.39
200809,-9.24,-1.23,5.92,0.15,0.28,-3.75,5.78
200810,-17.23,-2.6,-2.3,0.08,7.85,-9.37,2.23
200811,-7.86,-2.85,-6.31,0.03,7.17,-9.99,-2.54
200812,1.74,3.46,0.15,0.0,-5.09,5.46,0.11
200901,-8.12,0.08,-11.29,0.0,-2.18,0.18,-6.97
200902,-10.1,0.05,-6.95,0.01,4.41,-7.01,1.16
200903,8.95,0.04,3.48,0.02,-11.87,3.04,3.57
200904,10.18,5.39,5.36,0.01,-34.3,-6.52,-0.33
200905,5.21,-2.52,0.27,0.0,-12.49,-2.71,-1.48
200906,0.43,2.63,-2.73,0.01,5.48,4.8,1.31
200907,7.72,1.87,4.84,0.01,-5.55,4.43,5.05
200908,3.33,-1.08,7.63,0.01,-9.07,-2.08,5.62
200909,4.08,2.43,1.04,0.01,-4.79,1.12,-1.68
200910,-2.59,-4.34,-4.2,0.0,2.61,2.14,-4.9
200911,5.56,-2.39,-0.34,0.0,0.3,0.45,1.39
200912,2.75,6.04,-0.17,0.01,3.01,1.47,0.71
201001,-3.36,0.4,0.43,0.0,-5.4,3.64,1.63
201002,3.4,1.19,3.23,0.0,3.74,1.63,2.62
201003,6.31,1.48,2.21,0.01,3.76,0.8,4.41
201004,2.0,4.87,2.89,0.01,3.16,-1.86,4.81
201005,-7.89,0.09,-2.44,0.01,-0.25,0.52,-3.07
201006,-5.57,-1.82,-4.7,0.01,-2.76,-4.87,-5.47
201007,6.93,0.22,-0.33,0.01,1.88,4.11,0.76
201008,-4.77,-2.98,-1.93,0.01,-0.06,1.0,-3.85
201009,9.54,3.97,-3.18,0.01,1.41,3.29,1.93
201010,3.88,1.19,-2.51,0.01,1.58,-1.34,-2.27
201011,0.6,3.74,-0.92,0.01,2.66,-0.95,-0.93
201012,6.82,0.69,3.76,0.01,-3.03,2.27,4.71
201101,1.99,-2.45,0.75,0.01,-0.29,-0.09,0.88
201102,3.49,1.53,1.27,0.01,1.99,-0.69,1.14
201103,0.46,2.56,-1.85,0.01,3.4,-0.86,-2.0
201104,2.9,-0.33,-2.49,0.0,0.04,-1.08,-2.21
201105,-1.27,-0.67,-2.0,0.0,-0.62,-1.22,-2.43
201106,-1.75,-0.15,-0.39,0.0,1.78,-0.93,-1.96
201107,-2.35,-1.27,-0.9,0.0,0.18,-1.07,-2.49
201108,-5.99,-3.05,-2.36,0.01,-0.28,-1.35,-6.31
201109,-7.59,-3.31,-1.72,0.0,-2.42,-9.57,-5.15
201110,11.35,3.28,0.1,0.0,-1.43,12.21,3.65
201111,-0.28,-0.16,-0.45,0.0,3.84,1.25,-3.48
201112,0.74,-0.59,1.63,0.0,1.81,-1.54,2.09
201201,5.05,2.03,-0.97,0.0,-7.91,6.52,1.58
201202,4.42,-1.85,0.43,0.0,-0.29,-0.34,1.73
201203,3.11,-0.65,1.14,0.0,1.3,-0.8,2.73
201204,-0.85,-0.41,-0.78,0.0,3.75,-0.46,-1.87
201205,-6.19,0.07,-1.06,0.01,6.49,-3.34,-1.75
201206,3.89,0.67,0.62,0.0,-1.06,-0.79,1.66
201207,0.79,-2.77,-0.02,0.0,3.04,1.47,-1.96
201208,2.55,0.48,1.3,0.01,-2.37,3.03,1.87
201209,2.73,0.51,1.6,0.01,-1.14,-0.19,1.79
201210,-1.76,-1.16,3.59,0.01,0.14,0.25,1.06
201211,0.78,0.64,-0.84,0.01,0.49,0.91,-0.68
201212,1.18,1.5,3.51,0.01,-2.86,0.18,3.76
201301,5.57,0.33,0.96,0.0,-1.79,-1.42,3.34
201302,1.29,-0.28,0.11,0.0,1.29,-1.19,0.04
201303,4.03,0.81,-0.19,0.0,1.92,-1.86,1.29
201304,1.55,-2.36,0.45,0.0,0.22,-1.19,-0.36
201305,2.8,1.73,2.63,0.0,-2.02,1.64,3.34
201306,-1.2,1.33,0.03,0.0,0.52,0.5,-0.64
201307,5.65,1.86,0.57,0.0,1.76,1.94,1.66
201308,-2.71,0.28,-2.69,0.0,0.02,-0.81,-1.35
201309,3.77,2.91,-1.22,0.0,3.06,-0.46,0.02
201310,4.18,-1.56,1.25,0.0,0.08,-0.14,0.3
201311,3.13,1.29,0.32,0.0,0.44,0.67,0.35
201312,2.81,-0.45,-0.02,0.0,0.02,1.35,-1.05
201401,-3.32,0.9,-2.07,0.0,1.71,0.33,1.16
201402,4.65,0.37,-0.31,0.0,2.07,-0.19,-1.3
201403,0.43,-1.85,4.93,0.0,-3.29,2.66,2.91
201404,-0.19,-4.2,1.17,0.0,-3.89,-2.1,0.13
201405,2.06,-1.88,-0.13,0.0,0.87,0.47,-0.7
201406,2.61,3.08,-0.7,0.0,0.69,-0.52,0.4
201407,-2.04,-4.29,0.03,0.0,-0.12,2.66,0.28
201408,4.24,0.4,-0.45,0.0,0.82,1.61,-1.35
201409,-1.97,-3.72,-1.34,0.0,0.5,-0.19,-1.09
201410,2.52,4.2,-1.81,0.0,-0.06,-2.6,-3.22
201411,2.55,-2.06,-3.09,0.0,0.69,-3.29,-1.57
201412,-0.06,2.49,2.27,0.0,1.12,-1.01,0.46
201501,-3.11,-0.55,-3.58,0.0,3.84,-0.42,-3.34
201502,6.13,0.61,-1.86,0.0,-2.82,3.54,-2.04
201503,-1.12,3.04,-0.37,0.0,2.74,-0.12,-2.52
201504,0.59,-3.03,1.82,0.0,-7.27,4.12,1.2
201505,1.36,0.92,-1.14,0.0,5.82,2.4,-0.81
201506,-1.53,2.9,-0.79,0.0,3.01,-3.58,-0.98
201507,1.54,-4.19,-4.13,0.0,9.98,-4.93,-1.6
201508,-6.04,0.33,2.77,0.0,-2.09,1.51,1.26
201509,-3.07,-2.63,0.56,0.0,5.22,-3.17,0.07
201510,7.75,-1.87,-0.46,0.0,-3.28,0.9,-0.68
201511,0.56,3.59,-0.42,0.0,2.28,0.08,-0.07
201512,-2.17,-2.82,-2.61,0.01,3.36,1.15,-2.45
201601,-5.77,-3.43,2.09,0.01,1.44,-2.85,-1.1
201602,-0.07,0.71,-0.57,0.02,-4.38,-0.93,0.67
201603,6.96,0.82,1.19,0.02,-5.01,1.54,4.11
201604,0.91,0.74,3.28,0.01,-6.02,0.42,4.94
201605,1.78,-0.18,-1.66,0.01,1.42,0.11,-2.22
201606,-0.05,0.6,-1.48,0.02,4.13,1.44,1.4
201607,3.95,2.51,-1.27,0.02,-3.34,4.53,-0.22
201608,0.49,1.18,3.13,0.02,-3.49,-0.35,0.69
201609,0.25,2.13,-1.23,0.02,0.19,0.03,1.76
201610,-2.02,-4.42,4.12,0.02,0.6,2.55,-0.97
201611,4.86,5.67,8.19,0.01,-4.62,0.31,2.18
201612,1.81,0.08,3.56,0.03,-0.26,-1.17,-2.72
201701,1.94,-1.14,-2.76,0.04,-0.93,3.34,-1.27
201702,3.57,-2.02,-1.68,0.04,-1.65,-1.06,-3.33
201703,0.17,1.14,-3.32,0.03,-1.02,-0.85,-1.23
201704,1.09,0.72,-2.1,0.05,0.48,-2.1,-3.64
201705,1.06,-2.52,-3.78,0.06,1.48,-3.37,-2.65
201706,0.78,2.23,1.48,0.06,-0.09,4.08,-0.65
201707,1.87,-1.46,-0.24,0.07,1.68,2.0,0.61
201708,0.16,-1.67,-2.09,0.09,3.26,-0.35,-1.93
201709,2.51,4.46,3.12,0.09,-1.32,2.81,0.61
201710,2.25,-1.93,0.21,0.09,4.27,-0.74,-1.82
201711,3.12,-0.58,-0.08,0.08,-0.87,0.42,0.73
201712,1.06,-1.32,0.05,0.09,-1.54,-0.76,2.06
201801,5.57,-3.15,-1.33,0.12,4.05,0.66,-1.92
201802,-3.65,0.23,-1.07,0.11,3.58,-2.37,-3.43
201803,-2.35,4.05,-0.23,0.11,-1.13,0.32,1.95
201804,0.28,1.14,0.54,0.14,0.36,-0.78,2.84
201805,2.65,5.26,-3.18,0.14,3.89,-0.1,-0.23
201806,0.48,1.15,-2.33,0.14,-2.35,0.63,0.92
201807,3.19,-2.23,0.47,0.16,-1.41,1.78,-1.55
201808,3.44,1.13,-3.98,0.16,5.29,1.53,-2.8
201809,0.06,-2.28,-1.69,0.15,0.04,0.08,1.85
201810,-7.68,-4.77,3.44,0.19,-1.99,1.27,-1.63
201811,1.69,-0.68,0.28,0.18,-1.37,1.23,-4.02
201812,-9.57,-2.37,-1.85,0.2,2.11,-1.61,-2.8
201901,8.4,2.89,-0.46,0.21,-8.68,8.1,2.24
201902,3.4,2.05,-2.67,0.18,0.86,-0.07,-0.65
201903,1.1,-3.03,-4.1,0.19,2.21,0.09,-0.82
201904,3.97,-1.74,2.14,0.21,-2.97,0.88,-3.02
201905,-6.94,-1.31,-2.35,0.21,7.56,0.81,-4.38
201906,6.93,0.27,-0.72,0.18,-2.3,3.84,-0.35
201907,1.19,-1.93,0.47,0.19,2.89,-0.21,-3.11
201908,-2.58,-2.37,-4.77,0.16,6.92,-2.39,-4.91
201909,1.43,-0.97,6.74,0.18,-6.81,5.05,2.71
201910,2.06,0.29,-1.92,0.16,0.15,-0.41,-3.32
201911,3.87,0.79,-2.0,0.12,-2.66,-0.19,0.11
201912,2.77,0.73,1.77,0.14,-1.77,0.64,0.98
202001,-0.11,-3.11,-6.23,0.13,5.98,2.56,-5.15
202002,-8.13,1.07,-3.79,0.12,-0.4,-2.39,-1.64
202003,-13.39,-4.86,-13.95,0.13,7.97,-11.6,-8.5
202004,13.65,2.47,-1.26,0.0,-5.23,15.68,3.08
202005,5.58,2.47,-4.89,0.01,0.43,-3.28,-2.49
202006,2.46,2.7,-2.17,0.01,-0.73,-1.9,1.83
202007,5.77,-2.32,-1.37,0.01,7.61,-3.3,-0.13
202008,7.63,-0.22,-2.96,0.01,0.55,-2.36,1.92
202009,-3.63,0.04,-2.68,0.01,3.12,0.41,-3.0
202010,-2.1,4.37,4.22,0.01,-3.05,0.58,-0.97
202011,12.47,5.81,2.13,0.01,-12.43,3.01,6.13
202012,4.63,4.89,-1.5,0.01,-2.32,-2.98,-0.67
202101,-0.03,7.34,2.97,0.01,4.5,0.76,9.31
202102,2.78,2.06,7.17,0.0,-7.89,4.5,4.23
202103,3.08,-2.37,7.39,0.0,-6.14,-0.9,3.23
202104,4.93,-3.2,-0.95,0.0,1.16,1.32,-1.83
202105,0.29,-0.25,7.09,0.0,0.88,1.34,5.37
202106,2.75,1.7,-7.83,0.0,2.2,3.11,-1.8
202107,1.27,-3.99,-1.78,0.0,-2.25,-0.71,-7.4
202108,2.91,-0.43,-0.15,0.0,2.51,-1.54,-1.07
202109,-4.37,0.72,5.09,0.0,1.49,0.76,4.79
202110,6.65,-2.34,-0.49,0.0,3.19,-1.61,-3.14
202111,-1.55,-1.32,-0.45,0.0,0.9,-2.75,-4.12
202112,3.1,-1.65,3.26,0.01,-2.6,-0.21,-0.14
202201,-6.25,-5.93,12.75,0.0,-2.52,-4.7,11.87
202202,-2.29,2.21,3.08,0.0,1.76,-3.31,5.25
202203,3.05,-1.6,-1.8,0.01,3.01,0.08,1.41
202204,-9.46,-1.4,6.17,0.01,4.87,-1.97,7.01
202205,-0.34,-1.83,8.39,0.03,2.46,-2.09,5.79
202206,-8.43,2.1,-5.98,0.06,0.77,1.65,-2.02
202207,9.57,2.8,-4.1,0.08,-3.94,6.32,-6.46
202208,-3.77,1.37,0.3,0.19,1.99,1.7,4.22
202209,-9.35,-0.79,0.06,0.19,3.47,-1.61,-1.26
202210,7.83,0.09,8.05,0.23,3.87,0.33,9.13
202211,4.6,-3.4,1.38,0.29,-2.01,0.55,-0.72
202212,-6.41,-0.68,1.32,0.33,4.52,-3.42,2.06
